,Docking,Fitness
Ser130GLN5,-0.388996944,0.068498535
Ser130LYS5,-0.388996944,-0.015260348
Ser130GLN7,-0.370762712,0.019817786
Ser130LYS7,-0.370762712,-0.040458938
Ser130GLN1,-0.305543431,-0.031322132
Ser130LYS1,-0.305543431,-0.033408419
Ser130GLN6,-0.258112094,-0.110407433
Ser130LYS6,-0.258112094,-0.002879606
Ser130GLN8,-0.246088944,-0.073986079
Ser130LYS8,-0.246088944,-0.162181707
Ser130GLN3,-0.232095491,-0.956071698
Ser130LYS3,-0.232095491,-1.291247561
Ser130GLN,-0.221940393,-0.886321969
Ser130LYS,-0.221940393,-1.091164063
Ser130GLN2,-0.220472441,-0.082447086
Ser130LYS2,-0.220472441,-0.063779647
Ser130GLN9,-0.216483686,0.001487311
Ser130LYS9,-0.216483686,0.056904726
Ser130GLN4,-0.204678363,0.03984303
Ser130LYS4,-0.204678363,-0.100401751
Ser130TYR6,0.298303835,-0.167022851
Ser130TYR7,0.318061441,-0.045634618
Ser130ASP1,0.330205151,0.008232574
Ser130TRP9,0.423534869,0.034056156
Ser130LEU3,0.500165782,-1.27307987
Ser130ILE1,0.510257529,-0.014931716
Ser130TRP,0.52203551,-0.882781375
Ser130HIS1,0.52509821,-0.028000552
Ser130ILE2,0.551811024,0.063022179
Ser130ASP4,0.556140351,0.025285142
Ser130LEU,0.572447685,-0.833623278
Ser130ASP7,0.591896186,-0.011955113
Ser130ASN4,0.604093567,0.04165448
Ser130ILE5,0.618227285,-0.332234374
Ser130ASN2,0.659685039,-0.09729555
Ser130HIS7,0.666048729,-0.053235975
Ser130ASP2,0.668661417,-0.151101877
Ser130THR7,0.675847458,-0.185013635
Ser130GLY7,0.68246822,0.010062191
Ser130ILE4,0.695467836,-0.288174675
Ser130TYR2,0.705669291,-0.051929562
Ser130TYR4,0.712719298,-0.07037245
Ser130HIS4,0.74005848,-0.111472555
Ser130ASP,0.744292961,-1.207343034
Ser130LEU4,0.749853801,-0.330667894
Ser130ILE,0.75,-0.964835583
Ser130ASN3,0.753149867,-1.335406462
Ser130ASP9,0.762022576,-0.091195958
Ser130HIS5,0.765490414,0.000515905
Ser130LEU9,0.766197619,0.104995407
Ser130HIS9,0.773929179,-0.022679713
Ser130ASN9,0.790320087,-0.060660595
Ser130ASP3,0.790616711,-1.407426531
Ser130ASP8,0.79064862,0.017405078
Ser130VAL2,0.805354331,0.007123221
Ser130GLY4,0.811842105,0.036359067
Ser130HIS2,0.82,-0.018528962
Ser130TYR,0.821179455,-0.990071406
Ser130VAL9,0.821710221,0.1067259
Ser130ILE9,0.823256533,0.152361782
Ser130CYS7,0.827860169,-0.049110625
Ser130TYR3,0.828083554,-1.279095987
Ser130ASN,0.831642359,-0.892284916
Ser130HIS6,0.833148968,-0.074224159
Ser130HIS8,0.840393742,-0.052133183
Ser130CYS9,0.840420597,-0.089858711
Ser130CYS3,0.840848806,-1.146643124
Ser130CYS6,0.844026549,-0.087542423
Ser130CYS2,0.844724409,-0.104480391
Ser130ILE3,0.850298408,-0.930835875
Ser130HIS3,0.856929708,-1.352840104
Ser130GLY5,0.86273965,0.002301625
Ser130TYR9,0.863769909,-0.061199757
Ser130GLY9,0.865006958,-0.05779767
Ser130THR9,0.871501469,-0.042362176
Ser130ALA6,0.871681416,-0.128739267
Ser130HIS,0.879201015,-1.225307273
Ser130VAL6,0.882190265,-0.232585548
Ser130THR6,0.888089971,-0.063982311
Ser130THR1,0.897861196,-0.045993029
Ser130VAL,0.898858592,-0.832408825
Ser130GLY3,0.900364721,-1.195461339
Ser130CYS,0.902821814,-1.247589622
Ser130ALA9,0.903046235,-0.01549954
Ser130ALA7,0.903336864,0.002460253
Ser130VAL4,0.90994152,-0.348438438
Ser130THR3,0.922579576,-0.504456073
Ser130ALA2,0.922677165,0.015396177
Ser130VAL3,0.924403183,-1.083644845
Ser130THR2,0.926929134,0.05861306
Ser130THR8,0.927755317,-0.109269626
Ser130THR4,0.931578947,-0.140404692
Ser130THR,0.935003171,-1.028504663
Ser130ALA3,0.937334218,-1.352393314
Ser130ALA1,0.939327804,-0.00156558
Ser130ASP5,0.941650458,-0.009275636
Ser130ALA,0.946258719,-0.997407856
Ser130ALA4,0.959795322,0.051013385
Ser130CYS4,0.963596491,-0.023769593
Ser130VAL1,0.966171977,-0.033847107
Ser130THR5,0.967768825,-0.032102609
Ser130CYS8,0.977324662,-0.021330919
Ser130ALA8,0.986640886,-0.017272978
Ser130GLY8,0.995253999,-0.007527029
Ser130GLY2,1.007559055,-0.00502551
Ser130VAL8,1.010370891,-0.242720965
Ser130GLY,1.023937857,-0.813441346
Ser130GLY1,1.058053252,-0.002313523
Ser130GLY6,1.059734513,-0.108882719
Ser130CYS1,1.068529027,-0.075837005
Ser130CYS5,1.077521534,-0.094088234
Ser130VAL7,1.128442797,-0.15989965
Ser130ALA5,1.133926091,0.027870325
Ser130VAL5,1.158099472,-0.324015832